{
    "structure": "Ba8Zr8O24_H8",
    "temperatures": [
        500,
        700,
        1000
    ],
    "diffusion_coefficients": [
        0.019197049349772472,
        0.1472918349722482,
        0.048425942344138134
    ],
    "conductivities": [
        1.5525610760261914e-16,
        8.508732090906915e-16,
        1.9582236775957578e-16
    ],
    "activation_energy_eV": 5.7447890044898874e+17,
    "R_squared": 0.2758147961730313
}